quality_category,count,percentage,fixed_acidity_avg,volatile_acidity_avg,citric_acid_avg,residual_sugar_avg,chlorides_avg,free_sulfur_dioxide_avg,total_sulfur_dioxide_avg,density_avg,pH_avg,sulphates_avg,alcohol_avg
bad,1148,33.488914819136525,6.984407665505226,0.3080662020905923,0.3336759581881533,6.897822299651568,0.050587979094076654,34.951219512195124,146.82142857142856,0.9950931315331011,3.165862369337979,0.4818554006968641,9.859117305458769
good,2280,66.51108518086347,6.804451754385964,0.2618004385964912,0.3322236842105264,6.1663377192982445,0.04333070175438596,35.52478070175439,133.62434210526294,0.9935584605263158,3.198526315789474,0.4925482456140351,10.804820175438596
